{
  "feature_names": [
    "is_mid_senior",
    "is_associate",
    "is_remote",
    "is_hybrid",
    "is_onsite",
    "is_top_tech_city",
    "is_uk",
    "is_canada",
    "state_CA",
    "state_TX",
    "state_NY",
    "state_VA",
    "state_IL",
    "state_NJ",
    "state_PA",
    "state_FL",
    "state_MA",
    "state_WA",
    "state_GA",
    "state_OH",
    "state_NC",
    "state_CO",
    "state_MN",
    "state_AZ",
    "state_MI",
    "state_MD",
    "state_OR",
    "state_TN",
    "title_senior",
    "title_sr",
    "title_lead",
    "title_principal",
    "title_staff",
    "title_headof",
    "title_director",
    "title_manager",
    "title_associate",
    "title_junior",
    "title_jr",
    "kw_machine_learning",
    "kw_deep_learning",
    "kw_nlp",
    "kw_computer_vision",
    "kw_data_science",
    "kw_data_engineering",
    "kw_analytics",
    "kw_mlops",
    "kw_cloud",
    "kw_python",
    "kw_sql",
    "kw_spark",
    "kw_aws",
    "kw_azure",
    "kw_gcp",
    "kw_kubernetes",
    "kw_docker",
    "kw_tableau",
    "kw_power_bi",
    "kw_looker",
    "kw_dbt",
    "kw_airflow",
    "kw_kafka",
    "kw_snowflake",
    "kw_security",
    "kw_compliance",
    "kw_architecture",
    "kw_research",
    "company_is_faang",
    "company_is_consulting",
    "company_is_finance"
  ],
  "job_categories": [
    "Data Analyst",
    "Data Engineer",
    "Engineering Manager",
    "Data Scientist",
    "Machine Learning Engineer",
    "DevOps / Platform Engineer",
    "Database Administrator",
    "Data Architect",
    "Security Engineer",
    "Software Engineer",
    "MLOps Engineer",
    "AI Research Scientist"
  ],
  "n_samples": 9538,
  "n_features": 70,
  "class_distribution": {
    "Data Analyst": 2475,
    "Data Engineer": 2073,
    "Engineering Manager": 1186,
    "Data Scientist": 1019,
    "Machine Learning Engineer": 583,
    "DevOps / Platform Engineer": 546,
    "Database Administrator": 501,
    "Data Architect": 420,
    "Security Engineer": 302,
    "Software Engineer": 232,
    "MLOps Engineer": 172,
    "AI Research Scientist": 29
  }
}